"","V1","V2","V3","V4","V5","V6","V7","V8","V9","V10","V11","V12"
"1",0.285554718559378,0.166410428364314,0.103824860972925,0.0818851908982408,0.0670126029948913,0.0502783643711152,0.0485172457037358,0.0490908949014385,0.0409053414408487,0.0403479992127415,0.0382681588853106,0.0279041936950611
"2",0.258859150804794,0.163076154597015,0.0960593718810033,0.0897417097093385,0.0692792911302785,0.0542210246669416,0.0454686111944628,0.0532746593714068,0.0480471904599508,0.0375785348636944,0.0432613365060073,0.0411329648151077
"3",0.259354218106479,0.166767612724231,0.106574836735473,0.0919232313616309,0.0636965582523425,0.0598350572880226,0.0351660358940177,0.0515211473689467,0.0536726953835797,0.0289320989423148,0.0398877694824684,0.0426687384604937
"4",0.240582643101822,0.1651496760026,0.101451541574294,0.0822291929697137,0.0685200312505874,0.0649613981952828,0.0371203590892468,0.0555716870071992,0.0593364775616948,0.0355098062476058,0.0448432938584116,0.0447238931415418
"5",0.230468395131235,0.169332200158057,0.0994106635369149,0.0792904120312027,0.0697069805956686,0.0594431977480404,0.0396223675656774,0.0527896915410053,0.063813273127621,0.0333574583512949,0.0393444591876693,0.0634209010256137
"6",0.233044537972658,0.165975846159074,0.0981158776887491,0.0817007773951692,0.0568805088803006,0.0510439180336675,0.0591012809799461,0.0541628292585273,0.0600710197328038,0.0401685971905063,0.048771069177516,0.0509637375310821
"7",0.224423326021604,0.164261803409274,0.108552023694038,0.0770571890461994,0.0593223769583729,0.0596357173290583,0.0607708681601139,0.0622931430189613,0.0589105637957024,0.0462607454131002,0.0338074466355082,0.0447047965180679
"8",0.239912670684514,0.167617961766751,0.118012885837663,0.0763877509655575,0.0660084933449617,0.0575222780445512,0.0703206066421638,0.049710928644049,0.0410482319671707,0.0416362427352112,0.0265394157304932,0.0452825336369147
"9",0.242603587860373,0.168609895707519,0.120841483486645,0.0861046506947706,0.0556488559983841,0.0454966326939299,0.0726968695139614,0.0497866595821734,0.0397805095776551,0.0417625034944187,0.0323978653616967,0.0442704860284735
"10",0.239548558719774,0.171734118383385,0.114011021500617,0.0919583743815908,0.0674817797675282,0.0497470713331769,0.0514078659029209,0.0424711270261157,0.0407493225393205,0.0432009831048443,0.0395555732888395,0.0481342040518866
"11",0.242755844367451,0.176743901565933,0.124223596006046,0.0891653291622225,0.070928910934593,0.0428707815957318,0.0444208512201223,0.0424627505744124,0.0379782560396936,0.0432389795097343,0.0309857532506813,0.0542250457733786
"12",0.231594236984585,0.174023263450501,0.111743745265051,0.0827846339595573,0.0687840992696497,0.0563094983851309,0.0538621042251195,0.0435439548042864,0.039074447162356,0.0467053790153761,0.0371434816759358,0.0544311558024504
"13",0.247512938717796,0.180514414978684,0.109373071735366,0.0962440714833766,0.0612203132186005,0.0491260571973264,0.048178352576646,0.0532876752610731,0.0332246243486212,0.0419632403890545,0.0357907694192615,0.0435644706741945
"14",0.242742302805779,0.175022821514282,0.125851780187721,0.0980056591324166,0.0569979671468602,0.0554330481930364,0.0481334789572019,0.0449010196160172,0.0318516219175214,0.0416782299386287,0.0287698765628959,0.0506121940276405
"15",0.274302102852884,0.188460870080704,0.134844192270133,0.0970360597012706,0.0488791590180838,0.0512199297169317,0.042077310863262,0.0436285989116981,0.01699994294117,0.0203580926177604,0.0353005752807255,0.0468931657453765
"16",0.280991639390979,0.181905659742482,0.128771534812916,0.0967289437825365,0.0557520542629174,0.0460999722541522,0.025839058811193,0.0479849827975893,0.0316648285854499,0.0215646910245191,0.0369996808359032,0.0456969536993619
"17",0.281170288810915,0.183384220873712,0.129263543029685,0.0845312322695595,0.0591446691861392,0.0440851494449834,0.0321988226734108,0.0517847841415812,0.0395429878785005,0.0169960618714824,0.0295088630848123,0.0483893767352189
"18",0.285139851243129,0.187801478709071,0.127366638166568,0.0909621693500557,0.0628667831804608,0.0368323613680834,0.0287833545281456,0.0512198212332908,0.0358392421139114,0.0207658419277794,0.0316078419548734,0.040814616224632
"19",0.299407023141113,0.190249005646466,0.123775974196629,0.092816450004093,0.0607667066960583,0.037627560282114,0.0289457683668084,0.0421524389750537,0.0285857840914957,0.028990282804227,0.0236906053045458,0.0429924004913953
"20",0.295894438167497,0.198304207553672,0.12597633629689,0.0937252752909415,0.0677200632548629,0.0298441414487615,0.0249280686161054,0.0415014309797272,0.026723831801794,0.0320514783842287,0.0309092801935801,0.0324214480119398
"21",0.296723076397521,0.197947086167299,0.129592794054192,0.101042029996143,0.0700132453605508,0.0275390647116985,0.0296317837806954,0.0316701469628706,0.0182887249899762,0.0333075232858129,0.033993334742151,0.0302511895510902
"22",0.29869398045432,0.183249555009086,0.122266349075153,0.0975723232896858,0.0736968600393138,0.0304913153787677,0.034571823810284,0.0337756211101307,0.0193726297804405,0.0426259442281571,0.0321650911034527,0.0315185067212082
"23",0.29621040859674,0.191739613361775,0.115737543109905,0.101635123586058,0.0682289520182336,0.0404100790864818,0.0323049492720283,0.0294117893046865,0.0241445136257713,0.0368664613935628,0.036278197914201,0.0270323687305569
"24",0.308262379003039,0.196000834327635,0.11321575566185,0.103545868549872,0.0706772370898325,0.0420544849056573,0.0340438970673705,0.026390714942771,0.0267672300802608,0.026027791829125,0.028761692739535,0.024252113803052
"25",0.327876221497732,0.202535853787334,0.127615735338205,0.111439869240454,0.0601469214342445,0.0417741444079368,0.0409609813959107,0.0213861286927253,0.0195440909654992,0.017122623025314,0.0163438017754146,0.0132536284392298
"26",0.339289862909758,0.211516861127451,0.126199246029192,0.0974067605259457,0.0607842744625971,0.0448371210854722,0.0338502434685118,0.0259348810968542,0.0193589568970779,0.0172956526248252,0.0164651210969741,0.0070610186753403
"27",0.346517821243518,0.217256791946494,0.132790801960231,0.0918517948376908,0.0595978573349214,0.0418108690578135,0.0281251783538889,0.0261234646581549,0.0104351617382898,0.0170622472193162,0.00821651692149868,0.0202114947281824
"28",0.363455839673076,0.218861189905159,0.131288020400131,0.100671331842243,0.0586881800261748,0.0256837986314955,0.0249520897010312,0.0277069056347167,0.00808773430510135,0.0200872162432688,0.00548257525001971,0.0150351183875832
"29",0.368376147713166,0.206968313714618,0.130255182085797,0.103601507043974,0.0577253866338013,0.0236520507535385,0.0236220088391619,0.0253025217984998,0.0119842195097273,0.0151726485541166,0.010189313092104,0.023150700261496
"30",0.364300656692505,0.207570012174593,0.128078026278502,0.100348966145931,0.0531101847793796,0.0313717802702063,0.0261509114520803,0.0280473858030537,0.00187063230054189,0.0228424609493466,0.0159558604551965,0.020353122698664
"31",0.374260434810148,0.205461500018043,0.133484578605121,0.104991251046565,0.0485803805807716,0.0271295979419809,0.02482992220977,0.0246170518848154,0.00872208446753946,0.0247011193646635,0.00816682085009858,0.015055258220484
"32",0.363636282685263,0.208234576151455,0.134509226460741,0.101671593011843,0.0507975848686763,0.0262412614088502,0.0368735432120527,0.0256404420729364,0.00791882738052511,0.0302645562853294,0.00537540039798881,0.00883670606433866
"33",0.366524493588528,0.213541875396448,0.133833195851631,0.10416233279604,0.0487476854959232,0.0331171446144632,0.0323030199237784,0.022732179549628,0.0106501802923897,0.0196180489719285,0,0.0147698435192411
"34",0.357073552579507,0.213867804690173,0.135894204017042,0.0932418331415168,0.0512805380120684,0.0410281836587072,0.032918889664121,0.0250413928682154,0.0129503416065799,0.0184109125451851,0,0.018292347216885
"35",0.349149826221987,0.211396121777369,0.135659213758686,0.0950888535392358,0.0507907537839669,0.0476273805219438,0.0260065953253754,0.0345652987480903,0.0067341914838837,0.0247265639499388,0.00302290920048628,0.0152322916890369
"36",0.346098965498039,0.219086049732028,0.13216854046852,0.0948232239377989,0.0530193909515359,0.0385400684462455,0.0295826563075829,0.0289505895905077,0.00791131242048941,0.0233797922404102,0.00285430044152697,0.023585109965316
"37",0.343626409405106,0.225105680870502,0.128722132504603,0.0941889089396644,0.0507455739757117,0.0369054116852488,0.0311344355168338,0.0323260757679523,0.00758410100417971,0.0232654400878673,0,0.026395830242332
"38",0.355230621152906,0.222349035520304,0.132159036808245,0.0873850918806754,0.0490271630098122,0.0362033221116725,0.0266482604631297,0.0305229578127603,0.00848781141290794,0.022289627789847,0.00783317008633722,0.0218639019514019
"39",0.358191912970581,0.239177772937663,0.129676235444556,0.0961466526172536,0.0479088986057,0.0308801194898089,0.0189863656004323,0.0306270702713636,0.00413630376196919,0.0272341698668766,0,0.0170344984337953
"40",0.361301634175699,0.245111942367236,0.131047597240867,0.0986308007009566,0.0462956699627651,0.0324442181797261,0.0116130500136113,0.0284538254697858,0.00537822316390972,0.0284823833670674,0,0.0112406553583763
"41",0.348047148225787,0.243163030309759,0.129192082052798,0.099299684464868,0.0493367751175212,0.0325023380895177,0.0119019980881381,0.0279916728764081,0.0153472974478819,0.031197271759806,0,0.012020701567516
"42",0.367359361581402,0.24321050619316,0.131616545479378,0.0979628234216756,0.0477934059432759,0.0316414107862652,0.0142727950766012,0.0194629120360715,0.0155688303086406,0.0243704811100061,0,0.00674092806352399
"43",0.35686067648767,0.234578808393883,0.133014301858806,0.104143262618395,0.0475496602099011,0.0334151513465522,0.0256505446499577,0.0196970884085674,0.0169371804841078,0.0156341887040214,0.00122545484185699,0.0112936819962815
"44",0.357520004944597,0.232679207143867,0.136831082312652,0.10407451096907,0.0477329868502942,0.032057856533639,0.0293558145467132,0.0183892883912864,0.0178667491689327,0.00887028983742645,0,0.0146222093015227
"45",0.357310330065168,0.226419777739546,0.140080779007064,0.104236984352958,0.0487049956952705,0.0331614608240805,0.0279007178629106,0.0159902746458194,0.0208937164421939,0.0112504767993383,0,0.014050486565651
"46",0.355300844086929,0.22259477131008,0.142952129803754,0.102013215894365,0.0493012088049205,0.0321744545953542,0.0294042668942937,0.0183852023478133,0.0190773430847347,0.012660968763972,0,0.0161355944137836
"47",0.359342659362321,0.224520122879839,0.14376734885417,0.102315052937158,0.0486552715139256,0.0322442135614181,0.0265234008183393,0.0211591298160428,0.0145439798982877,0.012466493381006,0,0.0144623269774921
"48",0.363038308605868,0.227863991662762,0.14046745698324,0.10274402933676,0.0490594760591889,0.0319954718952607,0.0247746706176518,0.0190920146279885,0.0166685315360195,0.00852618623933849,0,0.0157698624359216
"49",0.360362651099301,0.22394612080165,0.139830765598237,0.103018553062138,0.0474543306227972,0.0330448566422597,0.0240905575627831,0.0221512901403543,0.0176774672406885,0.0111251630759931,0,0.017298244153799
"50",0.351151371482691,0.218722990319333,0.140490049624873,0.103960783010171,0.0493966892720768,0.0341136037909596,0.0275539283228505,0.0218333453080606,0.0199612237399467,0.00963301762076052,0.00213409177032084,0.0210489057379558
"51",0.352621226022985,0.213452019746547,0.144080982841408,0.0972121460148729,0.046289719394476,0.0374769844035556,0.0340098487368032,0.0202237699857193,0.0237520501960082,0.00843281778533277,0.0031615461709861,0.0192868887013057
"52",0.355190652280019,0.210616787845813,0.143925194297382,0.0954799341317849,0.0446468444605583,0.0418689163122852,0.0387467243625869,0.0174684016688022,0.0246165769154164,0.00381035353208635,0.00370455886909428,0.0199250553241716
"53",0.364138963700203,0.222553809055128,0.142370483297797,0.0931481263627473,0.0443482741022089,0.0411078773185703,0.0281847891454741,0.0238944051111599,0.0189918081072206,0.00525686323972811,0.00688551451867775,0.00911908604108488
"54",0.34715935842352,0.214215848266222,0.143008025545826,0.0904932565740894,0.0459383230046145,0.0451667483843752,0.0353202257454514,0.0284648582193771,0.0202684706042908,0.00799444618394583,0.00697318195168889,0.0149972570965986
"55",0.358910219169784,0.220944336458524,0.135904355707234,0.0947665013238603,0.0469202226579309,0.0457039273612464,0.0328940573089734,0.0238482302763239,0.0186952627061515,0.0140038987786097,0.00304361806920428,0.00436537018215755
"56",0.352446598281663,0.217432066334019,0.139036359650598,0.0994224445956404,0.051232892573817,0.0391328355358468,0.0357933458654002,0.0234092324366794,0.0205286825272845,0.0100436888972762,0.00471810931584847,0.00680374398592686
"57",0.366528884547092,0.224085969483773,0.141510023852798,0.100433842696204,0.0561631888347213,0.0330873391447685,0.0346983409811779,0.0163426960225546,0.0143184592726199,0.00600175616739959,0,0.0068294989968914
"58",0.357496639388559,0.219292027944151,0.143132569567464,0.0914636046861141,0.0528009466421447,0.0336754100800488,0.0368431744381195,0.0200362138768436,0.0179644437302717,0.00629671743961175,0.00615809844755057,0.0148401537591203
"59",0.352144347072035,0.216268939513634,0.142802069060483,0.0893308946567076,0.0527068075707515,0.0354479217261579,0.0402839499585331,0.0228581062479664,0.019436946498692,0.00535796958050392,0.0052881800777434,0.0180738680367927
"60",0.353032403842867,0.225859897384812,0.143301131347794,0.0940357943046366,0.0569784364917714,0.0318012753548836,0.0376234225533877,0.0209502484796274,0.0167963879412237,0.00346172296957057,0,0.0161592793294263
"61",0.35548270410413,0.224032927631208,0.143350639979361,0.0884300436618512,0.0506615339211318,0.032810718193821,0.0398646258068989,0.0227480781509151,0.0183668663825781,0.00195934234700336,0.000824831969727088,0.0214676878513745
"62",0.35938386851049,0.22509144688513,0.144785501705651,0.0905436332490267,0.0502705352040347,0.0262732030423745,0.0388042845706531,0.0208998095485279,0.0202156607042196,0.000944149280314374,0.00245843679961706,0.020329470499961
"63",0.361016354300257,0.222871437897294,0.145225602056936,0.0901122008070377,0.0465255307614551,0.0294743663330175,0.0359882274048395,0.0256774943219045,0.0205415742624195,0.0029530972036334,0,0.0196141146512059
"64",0.367289783940839,0.222114289721895,0.146941541405722,0.0920756520177807,0.0479852161186354,0.0297394948824885,0.0351625696943745,0.0217781637983991,0.0167097511427168,0.00144853752748095,0,0.0187549997496684
"65",0.368796476947524,0.220743992082526,0.138268656425321,0.095251656165873,0.0439086410805195,0.0349946085050294,0.0363260900762433,0.0296669445903145,0.0116079811622821,0.00463069078471427,0.00612861897374097,0.00967564320591194
"66",0.364100036595258,0.22030859238392,0.14134001173266,0.0996462989087722,0.0501728254246006,0.0341173570553262,0.0372742179677928,0.023919669298287,0.0117795374482784,0.00628182099083114,0.0036475681349885,0.00741206405928519
"67",0.362210719059976,0.219462506035607,0.142877355370596,0.102056546950701,0.0531084219599644,0.0334265802382424,0.0339682877270202,0.0229594592845003,0.0151859070969825,0.00583491062318409,0.00326812251594952,0.0056411831372758
"68",0.35951899567819,0.22055967926996,0.147766397074648,0.102675152790998,0.0544747546571894,0.032116164092368,0.033528970472157,0.0214053667033763,0.0140516760206147,0.00632758636410302,0.00273627897879761,0.00483897789759781
"69",0.357834605524717,0.220628607994365,0.145041395634893,0.0922647944225665,0.0534610619145109,0.0350692467109138,0.0340164140098527,0.0241338702710591,0.0157353477320786,0.00451598593871258,0.000352618212672878,0.0169460516336582
"70",0.357493189466431,0.217998080324401,0.142374439450211,0.0926705118860377,0.0533188928220235,0.035132566248347,0.0346792505067099,0.0272463409104731,0.0156545631882122,0.00102487390093609,0.00219654333643875,0.020210747959779
"71",0.352245009287699,0.218331166249348,0.14019008770813,0.0888158920798698,0.0543117114504059,0.0350962433341759,0.0381862911804728,0.0262943219323739,0.0175493982115305,0.00289376012941131,0.00594108098675469,0.0201450374498278
"72",0.373101636904404,0.228812492645366,0.135752627847792,0.0947137749685456,0.0542611660744335,0.0380410675172577,0.0295258003413143,0.0215350042634097,0.017237293718687,0.00453227851583541,0,0.00248685720295531
"73",0.377887707290867,0.22345939644659,0.134140270488805,0.0943147124255025,0.0517974786787212,0.0378534621879332,0.0286268248512199,0.0235360827176188,0.0140464047452332,0.0111220824944973,0.0032155776730119,0
"74",0.370347631585459,0.222659558735588,0.138902592002108,0.0964342773205176,0.0472028561553016,0.0389402237496067,0.0290628155103891,0.0222013798114386,0.0135956624177636,0.0111482635709879,0.00227566116145889,0.00722907797938095
"75",0.368225151867627,0.224444180110877,0.141681789497268,0.0957324894390926,0.0476287850002091,0.0363004736291802,0.0271063411391049,0.0227798906231645,0.0121172123327252,0.00705616707754604,0.00147111846703678,0.0154564008161693
"76",0.362435485971708,0.22290781508917,0.142144164948041,0.0923047682411776,0.0512885196221715,0.0380029718360713,0.0293021349843898,0.0241140478516117,0.0113304145752423,0.00616668885963069,0.000743178992902369,0.0192598090278833
"77",0.35868283703805,0.221133761524414,0.141258905249845,0.094547859266576,0.0510091332179401,0.037024923072166,0.0331687711247646,0.0252069023309838,0.0107072761744762,0.00399161103065881,0.00194069651221599,0.0213273234579107
"78",0.355838028191654,0.22220075513866,0.140884587508885,0.0919101137367481,0.0513128286238525,0.0359414167575206,0.0351271283026053,0.0255589875347821,0.0130247149475173,0.00052467131174428,0.00386332249128176,0.0238134454547493
"79",0.364756890412822,0.220328149422611,0.136907731154653,0.0942559612932598,0.0493285472365206,0.0386787831626596,0.0295750824505238,0.0328072073719351,0.00716688898361956,0.00601153198836535,0.0066824447291812,0.0135007817938495
"80",0.347591320067336,0.217183514541861,0.140205615060099,0.0907603340829592,0.0530453041034005,0.0377007961319419,0.0365488279838304,0.0337204644919847,0.0106995586992177,0.0102594825881778,0.00672272606149105,0.0155620561877014
"81",0.349900328701658,0.216266673376788,0.144557506894968,0.0864877416961314,0.0540278154899138,0.0346706599119703,0.0392434258149195,0.0334016993257038,0.0115764264646353,0.00744049090204048,0.00608644674031978,0.0163407846809508
"82",0.337711241190643,0.221547545134194,0.140659443218498,0.0979808257839299,0.0541404843959168,0.036486435326179,0.0319030007874336,0.0297318320951071,0.0119633762168075,0.0195113277215365,0.00372941093633981,0.014635077193415
"83",0.330296225163251,0.228372572843963,0.13652195109651,0.0991811556689579,0.0549307159623854,0.0380123781549019,0.0291131524886387,0.0275144817294106,0.0162486312542752,0.0243411214867923,0.00752394911482364,0.00794366503609049
"84",0.350060192631602,0.231865092512493,0.127524935500313,0.0991269498968282,0.0547864160837088,0.0375065475207306,0.0287052762043633,0.0277060496493829,0.0154777893067514,0.02070851865383,0.00434647552633707,0.00218575651365956
"85",0.356698977300421,0.226847051921349,0.138337294446129,0.0934708827045598,0.0509593673037979,0.0356968074728479,0.0352951456557417,0.0279086367848108,0.0157998756079413,0.0141815028797515,0.000903459298348,0.00390099862430125
"86",0.345378488267351,0.232204422013366,0.13663441944705,0.0973239992232706,0.0572677157928621,0.0344743055089389,0.0287931824146024,0.0264295493371749,0.0141252697201311,0.0190190934053377,0.00303629971383211,0.00531325515608322
"87",0.374334729283455,0.234599438860254,0.129091404844103,0.0954342097125954,0.0530630344587857,0.0334398813129653,0.0255041413578858,0.025663023541027,0.0160783193745485,0.0127918172543809,0,0
"88",0.363110089892743,0.219835163570948,0.13769556193345,0.0967489749867848,0.0506542541826345,0.0393516739074314,0.0287024956708927,0.0260508263672715,0.0171638404385954,0.0118086824422959,0.000145740338771086,0.00873269626818224
"89",0.369675258443416,0.221699512732394,0.135961838031597,0.0961001772028254,0.046482796628444,0.0415045043683239,0.027728763853871,0.0328305954315757,0.00884171657875942,0.0057840021705964,0.00615605788790041,0.00723477667029667
"90",0.357708104188955,0.216751150813234,0.1420243042581,0.0902645686400315,0.0499946486958794,0.0409280828066363,0.031782201669545,0.033273780919356,0.0107315400727556,0.00613883642383924,0.00911786341038433,0.0112849181012837
"91",0.357970330100468,0.220401131037742,0.144571061163047,0.0868285990901691,0.0523652670130957,0.0383770059947958,0.0356442277852504,0.0322330280871083,0.00965739540151889,0.00545249549172036,0.00434691877972752,0.0121525400553571
"92",0.354219095008754,0.220166557391285,0.145147289287015,0.0890928803317935,0.051530588373929,0.0353907657748421,0.0364288218919397,0.0320851980256607,0.0144074441664492,0.00269800907354883,0.00566069518187903,0.0131726554929045
"93",0.359093963443705,0.221717607681499,0.1391114482887,0.0931257590453063,0.0457431034628544,0.0392078783105368,0.0323911131364607,0.0365499924255513,0.00941755647832391,0.00544996814064229,0.00891931559495454,0.00927229399146521
"94",0.347642412340731,0.219049105516642,0.140510963724125,0.0888264537014793,0.0521222896393025,0.0396640884567406,0.036355630703988,0.0360209750448085,0.00984958247512819,0.00798484384591151,0.00984729951078113,0.0121263550403627
"95",0.347380739587949,0.220475013284917,0.142471368898604,0.0875651566451127,0.0537533129109769,0.0366603378221196,0.0363159735373832,0.0345105004065342,0.011232461080208,0.00839187785709427,0.00524795547211693,0.015995302496984
"96",0.351048984144269,0.224870007379204,0.144693271142472,0.0869342561260831,0.051820399715071,0.0341450107020236,0.0373150671898073,0.0299141771972835,0.0113940123573618,0.00678476069549482,0.0036359174213501,0.0174441359295792
"97",0.358365801109537,0.221607623477342,0.139379706323805,0.0926795515968536,0.0472908604255299,0.0379891228783202,0.0323189639654117,0.0378279213584952,0.00882484672840264,0.00474680444857092,0.00911976649090737,0.00984903119682341
"98",0.355081991042619,0.224637459215845,0.142994133358889,0.0904391122747605,0.0524446957302442,0.0362095380941784,0.0347688718574874,0.0338061959247238,0.00790974541882307,0.00444744524668512,0.0066328561484355,0.0106279556873088
"99",0.346249896463735,0.21980786458259,0.141845875697523,0.0903045426618655,0.0557541202877665,0.0347773279518515,0.0377038834772806,0.0346848527474422,0.00895542621535262,0.00723164767227706,0.00669196579260978,0.0159925964497056
"100",0.335947612910058,0.215701811253231,0.140103950426122,0.0874572782820164,0.0564282986179831,0.0354176687542717,0.0427579146813014,0.0329001012306267,0.0149438214467868,0.00941165733856803,0.00878358505186098,0.0201463000071734
"101",0.340875773962763,0.217715913618176,0.141555914526744,0.0884761406828925,0.0577774126245024,0.0359441711146075,0.0431155124220044,0.0276281061487732,0.01539131386129,0.00863625452822422,0.00388582512109403,0.0189976613889292
"102",0.351447034077738,0.223415099293553,0.144679778683609,0.0895278962579027,0.0548557643171119,0.0328235523561498,0.0423638427021006,0.0226011888066345,0.0157751464036481,0.00479788300005638,0,0.0177128141014961
"103",0.349378480157494,0.218763204431053,0.143235290118712,0.0874038284454444,0.051675669946176,0.0305906581300636,0.0418467920966934,0.0278771463101202,0.0207821070207425,0.00732385572859041,0,0.0211229676149104
"104",0.356012101993559,0.219127198238877,0.145794425760986,0.0899364136910616,0.0503276362819677,0.0280191582008174,0.0441966570598875,0.0228216320479386,0.0197824641096564,0.00599604111838941,0,0.0179862714968596
"105",0.3459165662284,0.211748583241167,0.142336974238003,0.091494073161634,0.0491573558127308,0.0312459958037245,0.0465429226560924,0.0272286247808433,0.0229344523949597,0.00956823806719582,0.00276686563987856,0.0190593479753703
"106",0.352085647980619,0.220019222299156,0.145685848163118,0.0998056858310261,0.053079043412778,0.0257679921881997,0.0396394202293699,0.0215391702663363,0.0197952457581037,0.00476393008593849,0,0.0178187937853557
"107",0.346053506119274,0.213606710979741,0.14255135658187,0.0941388829423766,0.0512965258473116,0.0300770906686797,0.0413577100441641,0.025229077864223,0.0233037490954461,0.00880183296829381,0.0021430301145869,0.0214405267740334
"108",0.353301709505351,0.221285461868627,0.143592886335264,0.093945220432888,0.0451936604595801,0.0322451643678308,0.0413526747960573,0.021065314536031,0.0236197988601884,0.00515204708485297,0,0.019246061753329
"109",0.349975469797909,0.215307346808206,0.14376178242679,0.0907938980027489,0.0476115594378255,0.0327935664147006,0.0437921754652659,0.0244519245671038,0.0237918554349871,0.00646658334763365,0.00171479953744283,0.0195390387593859
"110",0.359092654162571,0.221401783376451,0.138390463142021,0.0926415552391794,0.0468823780751817,0.0381823976612952,0.0360459535135395,0.0349051968593099,0.0156867463941566,0.0048861274178955,0.00267553611000627,0.0092092080483924
"111",0.361336407873491,0.224975291218714,0.143192410976624,0.0941433254315545,0.0499151420737097,0.032840980570155,0.0357341773012616,0.0316777148755104,0.00984773223605774,0.00304877612090838,0.000213692783673378,0.0130743485383415
"112",0.358519605336206,0.220117721461987,0.139017057744711,0.0986031719989709,0.0470708152648505,0.0360244032239605,0.0358008387394841,0.0344895604415204,0.00926274179327447,0.00481663109363735,0.00544436873478477,0.0108330841666131
"113",0.365283960306192,0.222686488095016,0.142533667885056,0.101272515488858,0.052488927214782,0.0332021260878548,0.0344999052953281,0.025941698064413,0.00809079973021554,0.00551655590325816,0.00118135981319567,0.00730199611583131
"114",0.349899488478742,0.215414113335749,0.143095327313603,0.101321497601389,0.0530024034807415,0.0355815329736414,0.0359632130806977,0.0235028741880315,0.0141524234566209,0.010270923718377,0.00738750471345904,0.0104086976589485
"115",0.359588828763251,0.220959292929206,0.147675552042601,0.103018909218125,0.0524384045046364,0.0347870290400428,0.0331005540039018,0.0183777200865721,0.0104800695773751,0.00756930709274982,0.00574234046526995,0.00626199227626828
"116",0.347241640129079,0.216474897589893,0.146825457653185,0.0971016969927015,0.0534305980243872,0.0378790815659727,0.0349256013841013,0.0219736177456243,0.016031365200881,0.00768965240467477,0.0102259712462497,0.0102004200632513
"117",0.349599421246779,0.218234544169993,0.15051183100348,0.0979340208486617,0.0550075702531228,0.034268997795405,0.0337074253925362,0.0189915641110118,0.0144431478912336,0.0104893722694584,0.00878575366887145,0.00802635134944609
"118",0.338861176990794,0.214715210116939,0.143676832476067,0.0912753973894565,0.0579033355917551,0.037475932126009,0.0382308211824223,0.0225864762346879,0.0205398274081982,0.0103007530268363,0.00543467732020914,0.0189995601366263
"119",0.337823010708981,0.214096850425432,0.143662286181722,0.0923459121682086,0.0544335138711169,0.0349979500613407,0.042655907491854,0.0223141129686376,0.0256779023535576,0.00933024276108805,0.00147460851318414,0.021187702494877
"120",0.337455042617557,0.211969742322578,0.142803854712021,0.0935182104907772,0.0505345234999336,0.0374379157709122,0.0432357219158658,0.0208507499308328,0.0290593282419241,0.0111792903033757,0,0.0219556201942232
"121",0.339148193202662,0.211124591253392,0.144685622086195,0.100603341011109,0.0573022965837461,0.0303102477395116,0.0394910357376741,0.0211102398380503,0.0245442351125134,0.0105959596240959,0,0.0210842378110514
"122",0.348399025447594,0.22122573468813,0.150687937384458,0.102264033375684,0.0564198474416723,0.0256124472542746,0.0348665329064144,0.0182922942787102,0.0157667349779286,0.00676132109932442,0,0.0197040911458096
"123",0.335924942592556,0.220060647343178,0.144176949782302,0.0983403728193633,0.054706811268516,0.0332380333464412,0.0329070293622787,0.0237141124680796,0.0194597722811259,0.00964410755078305,0.00661675675767886,0.0212104644276972
"124",0.348232904054444,0.227136235418619,0.146602950912652,0.0975591290300783,0.0597626653061671,0.0267903263030239,0.0333965366588355,0.0230979582952862,0.0152605395683484,0.0060719586883308,0.00179789615361008,0.0142908996106056
"125",0.355783874332916,0.23062669753451,0.148259333079352,0.0950826233222253,0.0572910623628408,0.0275164277672864,0.0321876855183386,0.0216394516734106,0.0138294179389177,0.0041843607124493,0,0.0135990657577538
"126",0.361393086086143,0.224047004797626,0.143325814916328,0.0927028310821467,0.0538102560330034,0.0295861799115522,0.033726774368199,0.0236882582550972,0.0150955957754088,0.00219632802907786,0.000963742446128235,0.0194641282992898
"127",0.352668198416257,0.222821148655829,0.143300061021545,0.0986083207356964,0.0583133347094086,0.0281589609464946,0.0334841551183614,0.0263660662919295,0.0171121572363758,0.00105232083475525,0.00190828579995734,0.0162069902333902
"128",0.35449114294607,0.226138872472872,0.144720209227624,0.0995517908724126,0.0573808877634657,0.0289281184301135,0.0329488537861522,0.023428616245189,0.0181755076912473,0.00115937524093431,0.00131432692945161,0.0117622983944677
"129",0.355449917748773,0.221959000631117,0.146210623503591,0.0904408396355207,0.0523729811296629,0.032098430430273,0.035460403274199,0.0246206796592774,0.0182956484686714,0.000694098307790228,0.00481824930799554,0.0175791279031293
"130",0.344541132651926,0.221296961176234,0.144568541812606,0.094400865111753,0.0576290211798744,0.0309033760976455,0.0387408001392155,0.0250295688048933,0.0190091148206157,0.00416544744903301,0.00389734273379869,0.0158178280224057
"131",0.351379780777148,0.230595491755704,0.143409927843016,0.094897414647465,0.0609103596718169,0.0258131060633763,0.0357598078170903,0.024551873617446,0.0156830547735527,0.000227302483826492,0.00287616979080538,0.0138957107587528
"132",0.350126491039451,0.22833538635485,0.143960350304921,0.0977174617084533,0.0607620624800568,0.0271251647253817,0.0349823122578835,0.0237526163747339,0.0161751326314783,0.000692609456556522,0.00235812187619328,0.0140122907900405
"133",0.345452343151891,0.222576575511337,0.144961386130025,0.0973441529377703,0.0595498128396434,0.0272931134059549,0.0368480628553377,0.0260560885590464,0.0184269982748658,0.00200930701061028,0.00291074783388882,0.0165714114896296
"134",0.347261100776859,0.226185143303829,0.143256721806354,0.0956596280637747,0.0613752686759403,0.0286543346897811,0.0343106983827763,0.0231981573995183,0.0170456488715003,0.00124515270326517,0.00357588307989022,0.0182322622465112
"135",0.340345581407348,0.225031486623746,0.142712141819485,0.0972767851249518,0.0606613580832029,0.0292427804668692,0.0344742362001736,0.024813997070225,0.0177343511855155,0.00350691559558933,0.0055474826344208,0.0186528837884726
"136",0.34378172338433,0.229946211307608,0.1421501219074,0.100236017359023,0.059475583431717,0.0273237120035539,0.0316907567349076,0.0233540676769992,0.015336494427387,0.00419416759039355,0.00494159176217676,0.0175695524145037
"137",0.348185796155875,0.230647494597651,0.142539776033994,0.0988897126051763,0.0575442420767523,0.0300042240698919,0.0312941798129424,0.0189168953331667,0.0159181321851953,0.00619699154832548,0.0034064650993759,0.0164560904816532
"138",0.354231580571799,0.224878055492283,0.141474750048289,0.0952904355269801,0.0525415266836369,0.0325136354846421,0.0356428282230237,0.0218967658158501,0.0161407795153047,0.00422573492091134,0.00141626332334017,0.0197476443939388
"139",0.35279375732034,0.221357773159402,0.142501614450927,0.0937209346590107,0.052510113935431,0.0331258443335514,0.0347855024566306,0.0240109047872987,0.0169864197817385,0.00490698646638048,0.00224782716520981,0.021052321484081
"140",0.338293578236229,0.212539750206941,0.138169431753803,0.0934526334863437,0.0535064285545948,0.0375468225907535,0.0406391706744563,0.0242563558018199,0.023619416053384,0.00754946303612225,0.00440919792041104,0.0260177516851419
"141",0.361059450873744,0.225389303344041,0.134810279376351,0.0967790893113311,0.0529407419251534,0.039401591520808,0.0307456912747348,0.0210119161528559,0.0247803653740624,0.00459069584772785,0,0.00849087499919005
"142",0.357928314536604,0.217668179273428,0.141339374986232,0.0926967394904937,0.0481744996452986,0.042216167602101,0.0318690566547637,0.0223413754248763,0.0245184700451147,0.00314766135762016,0.00301066017915013,0.0150895008043164
"143",0.358986295448249,0.214966984248914,0.144034621546023,0.0908500454317552,0.0494239197474721,0.0392614781981881,0.0344951827335114,0.0186304479501222,0.0204304248143501,0.00856076774293086,0.00277571651323091,0.0175841156252536
"144",0.34072967579663,0.225206906452535,0.138308420795575,0.096499435021963,0.0528610764648603,0.0385928131898339,0.0321617348846147,0.0182498382602719,0.0203649170130794,0.0168437142945776,0.00729742352393818,0.0128840443021212
"145",0.359310826136337,0.229021794197555,0.132182194059121,0.0978147337817787,0.0492419683954996,0.0404897410565019,0.0313265639623017,0.02145681547093,0.0204700346764242,0.0157655523256378,0.00015979514381906,0.00275998079409425
"146",0.359175148774407,0.225498265779311,0.129555714783937,0.103231165543849,0.0457062969396739,0.0502677308024903,0.0350338152780919,0.0295137471263226,0.011895428883968,0.00727738088166896,0.00201599243589215,0.000829312770388113
"147",0.358949918280423,0.224355425380012,0.143562582226616,0.0954060444141189,0.0429522320768333,0.0468195493306177,0.0352667090355576,0.0276961155053534,0.0118270734996963,0.0043785421371519,0.00299377019100762,0.00579203792261244
"148",0.35929994630496,0.22440159609972,0.145714808844605,0.0900496908166457,0.0466775339067814,0.0434272531585299,0.034680012490732,0.0267084253674047,0.0113342022781442,0,0.00445018290121871,0.0132563478312579
"149",0.348392016860404,0.232374142139069,0.140713289557122,0.0994001853908264,0.0433639688752267,0.034753113147763,0.029114473983122,0.0220441134462279,0.0151661617159956,0.0143445149506594,0.00606761550894995,0.0142664044246349
"150",0.343938566814284,0.218899287861517,0.140835769242943,0.0934890477917912,0.0465842778104806,0.0376389688524789,0.0357622117809508,0.0255828640836958,0.020466462365807,0.0129896287290575,0.00467621006387461,0.01913670460312
"151",0.333881625304532,0.224122380915858,0.13703495341762,0.097635327362559,0.0486025712759985,0.0374962816219973,0.0329289194903324,0.0218485314901922,0.0189918572884107,0.0205760247151779,0.0123281918707311,0.0145533352465903
"152",0.358471764512085,0.233839840074037,0.130367628209585,0.0975850852734028,0.0511852730044941,0.0396737335935005,0.0262457226161576,0.0195021098538812,0.0191832372513877,0.016854561874496,0.00335444474929777,0.00373659898767525
"153",0.359378995023553,0.226436458690057,0.139297404424705,0.0900046474042986,0.0467472877606881,0.0390746755316134,0.0326204355916563,0.0232428011030373,0.0196035243937665,0.012191634093254,0,0.0114021359833715
"154",0.362182327518459,0.222774402875808,0.143582337481858,0.0906918036736864,0.0460567179281381,0.038855199778134,0.0332247627513059,0.0258060176453796,0.0152107263843347,0.00678899121889111,0,0.0148267127440055
"155",0.364644684033599,0.22406443602773,0.146483112877583,0.0923181991778224,0.0451629976235999,0.0373561290841578,0.0325505610005482,0.0264052245478964,0.0103846485981993,0.0033679230901238,0.000126478314215056,0.0171356056245257
"156",0.354514435534117,0.235002150440397,0.142354026856636,0.0965994309547378,0.0443683165667615,0.0343183941247309,0.0255173676958774,0.024737727312989,0.0115442418149427,0.0138698693941664,0.00372824769313525,0.013445791611509
"157",0.358610043041069,0.22384415467822,0.144227712713617,0.0947739242752349,0.0451684600316763,0.0389848164132456,0.0302491361296097,0.0254660351602434,0.012558407955347,0.00796129659769656,0,0.0181560130040407
"158",0.359665808804915,0.224857084596946,0.147914776062452,0.0924956374193716,0.0487511957587596,0.0373176259525787,0.0305024803327058,0.0247082971023118,0.0101384414671906,0.00553761924470906,2.76076644169526e-05,0.0180834255936428
"159",0.354795781949125,0.222315697936501,0.147170564399622,0.0912314218312538,0.05005640392282,0.0386717225394168,0.0306186510536263,0.0268288563487845,0.0121964331508317,0.00372295774232849,0.00187580913895392,0.0205156999867364
"160",0.353992626373685,0.216600149346327,0.142398645688179,0.0917081065747654,0.0486057918355963,0.0427335301265236,0.0294350763330157,0.0366710556917321,0.0128401478529831,0.00731218593825812,0.00706169189680239,0.010640992342132
"161",0.3566189232108,0.220919499644981,0.144245666113243,0.0887258855938933,0.050194886507681,0.0405571945878727,0.0318978047293652,0.0356213466603594,0.0132571538793508,0.00477391622038437,9.66230136475593e-05,0.0130910998384222
"162",0.34252365596082,0.231424042334871,0.135391723628043,0.102238022208296,0.0536151336255269,0.035089099114711,0.0281542314745873,0.029993229976477,0.0147759211463799,0.0174158848265527,0.000208600272908117,0.00917045543082724
"163",0.352496459183545,0.223402963690964,0.131840941490231,0.0975950112351923,0.0456073765282051,0.0409598898608881,0.0309053655474192,0.0362501176312494,0.0151661188237982,0.0100573541287553,0.00944276806362083,0.00627563381613176
"164",0.361919965295495,0.228313908194189,0.128927907789174,0.0991699972386974,0.0480414716651074,0.0389234616627909,0.03188851956931,0.0304762883588054,0.0182403544039691,0.0124748110549885,0.00162331476747353,0
"165",0.359226319084912,0.221975131038602,0.13997314564149,0.09344913634241,0.0472341472591852,0.0407401493914487,0.0348215832478982,0.0261876282623534,0.0151141275762142,0.0122941704354282,0.0027978434443564,0.00618661827570104
"166",0.352072806078919,0.221876202633796,0.142130059662419,0.091963158593364,0.0498336890504713,0.0394910724569718,0.0347663936724629,0.0278867421780757,0.0144709286023653,0.00728565566272791,0.00333301999963942,0.0148902714087884
"167",0.33603937472777,0.22498674423647,0.134587637048245,0.101370358570463,0.0512876443403472,0.0366717676927065,0.0317319937111106,0.0239805331829766,0.0177909057969074,0.0196386935549869,0.0094685805405769,0.012445766597439
"168",0.339685693134835,0.222009436676103,0.142136652769491,0.0922014559412137,0.0482856543780599,0.0371500316855281,0.0364242220730533,0.0273631462365636,0.020359677220851,0.0149768477002542,0.00378493295487551,0.0156222492291718
"169",0.332120444390394,0.2172005771304,0.140896224558437,0.0914935765203664,0.05122286549376,0.0356346036665369,0.0429847613336634,0.0272511497911629,0.0233358865995326,0.0106417650269466,0.00748494634882386,0.0197331991399763
"170",0.344376963447912,0.219269584490487,0.142367166556108,0.0916190555406222,0.0510638372721267,0.0375640742806877,0.0436380925826361,0.023854108288838,0.0199010843545911,0.00729890789087191,0.00243583994526379,0.0166112853498552
"171",0.341869858364907,0.215682744291056,0.145015809971569,0.0916193341586194,0.0526531059753387,0.033793077063896,0.0435653544493709,0.0243439080886099,0.021041470499198,0.0108751924493246,0.00136910206783341,0.0181710426202766
"172",0.356957551128227,0.223689701612778,0.140319201309482,0.0978112859170734,0.0490278070624919,0.0364559432392628,0.0361296234074614,0.0226864559099077,0.0207154671942958,0.0131699283875735,0,0.00303703483144582
"173",0.359958391698992,0.221561413257143,0.14669496085709,0.0909644458051997,0.0481236211701165,0.0392578902738348,0.036597927560457,0.0224938206049169,0.017723884732128,0.0054421375172449,0,0.0111815065228772
"174",0.344672735115098,0.211163438776134,0.141997994246483,0.0927772413931638,0.0498190278703398,0.0406702325499918,0.0378758813031366,0.0266078687241595,0.0179932391947664,0.0103881492721556,0.00567613975383036,0.0203580518007411
"175",0.341854065499312,0.210226725455981,0.143143393869797,0.0897192439049368,0.049829798381507,0.0425764687036902,0.0385586113313971,0.0249643681287452,0.0161841976762493,0.0134953850194591,0.00657886988083556,0.0228688721480895
"176",0.358328468200859,0.220823097217671,0.137439365695593,0.0960516775423551,0.0510729311780737,0.0416593873874201,0.0339063153520061,0.021991814053645,0.0183389267036085,0.0107874586204631,0.00280182976915568,0.00679872827914888
"177",0.357188669205375,0.219066259886484,0.145955551859201,0.0912756531499208,0.0505006074639435,0.0365041489653811,0.0333932552686212,0.0262394688867162,0.0175017441849794,0.00671059472496639,0.00379486245466562,0.0118691839497459
"178",0.360175876579187,0.220174345452674,0.144294914704205,0.09014444475041,0.052214304622369,0.0354928957510623,0.0353578098016872,0.0272845151093862,0.0132093524974511,0.00220492645339375,0.00584880136770183,0.013597812910472
"179",0.360798711742588,0.221441532972231,0.141055975820445,0.0917406528042192,0.0540128168158794,0.0337022459457663,0.0356740148896731,0.0261744077068841,0.0141093082648318,0.00085676157808981,0.00529241559676004,0.0151411558626325
"180",0.353970735008746,0.219370677075067,0.138496477726178,0.0897568242541937,0.0557017881105318,0.0333276895616391,0.0383581235043405,0.0278791021795227,0.0133401555989674,0.00450768837319612,0.00719292067559088,0.0180978179320266
"181",0.354421171955924,0.218722299850441,0.141406227219225,0.0907716202280485,0.0568441932168803,0.0293548286324333,0.0397697110546585,0.026499238362085,0.0147982286879197,0.00601959840494057,0.00474450942148949,0.0166483729659537
"182",0.348870975155992,0.214659838829029,0.141573291775481,0.0927817727273807,0.056726424647964,0.0313947590388592,0.0428777670042673,0.0262949109189987,0.0170423531247255,0.00662659257323936,0.00350359749878158,0.0176477167052813
"183",0.349342441067093,0.218578570767678,0.14258796693976,0.0924917785919474,0.0534305204491056,0.0324347417057906,0.0428057256392207,0.0243741735128645,0.018507932529599,0.00811535437688074,0,0.0173307944200604
"184",0.350281333958671,0.218722849489872,0.143333420397486,0.0916466842647115,0.0490643338120224,0.0288310249937553,0.0435310732168055,0.027031333616936,0.0210882284396359,0.00750193195973353,0,0.0189677858503713
"185",0.350841760331128,0.216796027684058,0.141570915639858,0.0901062324676283,0.0482888652106727,0.0315976956673752,0.0450700894641164,0.0244429021069058,0.0233018039210629,0.00739496467004512,0,0.0205887428371499
"186",0.356992916152121,0.221154325417725,0.142573133933332,0.0927242739418085,0.0471889019943908,0.0259501892613403,0.045552216844439,0.0227881029348776,0.0219786406786623,0.00607920279120175,0,0.017018096050101
"187",0.362079392509405,0.223354716421446,0.143847227540873,0.0920099844803334,0.0466332697336809,0.024624581138102,0.0435405296358126,0.0241371881839685,0.0206526126021239,0.0069071819681687,0,0.0122133157860862
"188",0.358697411441749,0.219069518192135,0.137541839950486,0.0963579122607316,0.0493678176100958,0.0319564465047012,0.0390042112758228,0.035042601481966,0.0119873466372189,0.00744042203499869,0.00484695232814416,0.00868752028195114
"189",0.352115871849874,0.217742075719759,0.141911197038161,0.0987700008783083,0.0494009291193168,0.0337109005866093,0.0404404788781396,0.0329131110711573,0.00948901890793874,0.00471598885241274,0.0060953313652758,0.0126950957330481
"190",0.34927668593926,0.216282812398849,0.14080649341188,0.0947545633945979,0.053681667842405,0.0333354046450738,0.0412982466097472,0.0275875944461288,0.00944919436780827,0.00645113130802937,0.00805047797641896,0.0190257276598023
"191",0.367174027233596,0.22270349705587,0.135725606040458,0.0997331316372022,0.0484724548764191,0.0363866477923893,0.0361471294093029,0.024613960668862,0.00888602829911962,0.00943570915048352,0.00451018330427308,0.00621162453202445
"192",0.355753797170141,0.220946700123383,0.140577770738122,0.0946331185957698,0.0498361165069941,0.0339004632961599,0.0349777537850288,0.024820573180074,0.0119152698866319,0.00955760908419123,0.0067682540091589,0.0163125736243452
"193",0.355546752023446,0.222518486471873,0.143129646313948,0.0924986908501448,0.0517200652676857,0.0334241019858528,0.0376631966081358,0.023031556994153,0.0126969485059709,0.00635657561952834,0.00267944259808102,0.0187345367611802
"194",0.352312225102493,0.219584898516331,0.137073994097831,0.0925640716264436,0.0535999708453729,0.0351566556454078,0.0392018758271245,0.0255615949321117,0.0175350878442305,0.00459335385922488,0.00290504700979036,0.0199112246936378
"195",0.356612515235414,0.222254839589891,0.132405460646143,0.0995596756601391,0.0500355382595746,0.043195168514192,0.0348910017449021,0.0263767597722533,0.0199693467864996,0.00863353681050411,0,0.00606615698048705
"196",0.356586302718337,0.223412801034204,0.140906515718658,0.0933545484054721,0.0489049576267844,0.041767906712075,0.0365490308094184,0.0217560603869055,0.0161748353924449,0.00711519591915939,0.00232590892735296,0.0111459363491885
"197",0.351078451276491,0.216538816378252,0.142116731773547,0.0925368447405527,0.051187073888063,0.0391715902447354,0.0378882765616403,0.025115374983612,0.0159856079792221,0.0064920244135144,0.0032877081720655,0.0186014995883058
"198",0.342572356516088,0.21308853190191,0.144283978990647,0.0917947955764506,0.0547394836137403,0.0364370064716982,0.0388234577844627,0.0269900129441462,0.0176246799179962,0.0092971021034546,0.00443513401368391,0.0199134601657228
"199",0.350138068042155,0.213364582337034,0.137522791384696,0.0972176393061153,0.0498299819732358,0.0419139113739248,0.0347734342770569,0.038056085472212,0.0147095647633393,0.0062740318400947,0.00750319181410562,0.00869671741603116
"200",0.353610385272684,0.21595682817103,0.142025656060936,0.0923633651620701,0.0509058103544474,0.0391100360425162,0.0362630589091113,0.0311355379677871,0.0112265464126804,0.008299460520484,0.00531136278489122,0.0137919523413624
"201",0.358793476411246,0.217293792328534,0.144579656760745,0.0919917204443999,0.0519769563914226,0.0339095568955904,0.0392423321822378,0.0290206669921905,0.00960661560778106,0.00429730709768708,0.00348001378584567,0.0158079051023206
"202",0.350304833123294,0.216789381727812,0.143416798986336,0.0889611552504351,0.0550420507945631,0.0338904467404981,0.0397294034467764,0.0304969486429114,0.0107056905795976,0.00510482909182998,0.00894573461074369,0.016612727005204
"203",0.355757029905928,0.217938854111892,0.138966160999995,0.0979487145279467,0.0465787534799222,0.0407151958783091,0.0342148164091733,0.0376714061633307,0.0106976221810602,0.00728157276202804,0.00760611062590906,0.0046237629545049
"204",0.366347873538505,0.22328146680357,0.137947247764892,0.100485110508875,0.0394284715884504,0.0477144661102668,0.0279063341126535,0.0411240404087709,0.000867284122297474,0.00484773296495367,0.0074926017231346,0.00255737035363118
"205",0.369650848521287,0.227333804095689,0.145583077997441,0.0926501509685677,0.0403489107884284,0.0453713742199162,0.0263633625928341,0.0344772395201964,0.00268848741826541,0.00553692649171525,0.00489888632750885,0.00509693105815136
"206",0.376520574235314,0.228004560280603,0.141763255390426,0.0953668561707636,0.0400074617910184,0.0418207370734136,0.0284083173679523,0.028816592638826,0.00505251722760985,0.0116868420052625,0.00255228581881191,0
"207",0.362863389369516,0.224133968215942,0.141094900287088,0.0954325570714332,0.0423174447865764,0.0412365422636582,0.0318747357321681,0.0296264138711715,0.00653019111243855,0.0109584978413483,0.00201346656666264,0.0119178928819969
"208",0.373437329245031,0.224575757781083,0.142549886303631,0.0914329873129212,0.0460048048531241,0.035441954754115,0.0301133609945744,0.0277574317404306,0.00671211300767562,0.00952103508728478,0.00628933342303172,0.00616400549709843
"209",0.362471808506236,0.219732001162765,0.142015860413056,0.0920518188014924,0.0504435492316715,0.0368107003513966,0.0331629631339422,0.0280590804005752,0.00808026707367133,0.0070201219084672,0.00507789753409469,0.0150739314826321
"210",0.352982094279716,0.231600847179146,0.136880826455271,0.100018676315084,0.0468231708507589,0.0360833875510839,0.0289875323904986,0.0238898929091656,0.0110731371414235,0.0146479519466549,0.00712939720311781,0.00988308577807972
"211",0.364654497912528,0.235136513376678,0.128283650178261,0.102294071552172,0.0455376103193138,0.0358503284127836,0.0293145782882474,0.0248637612969533,0.0158365725369175,0.0157823051139686,0.00104284876617109,0.00140326224600632
"212",0.362482583148508,0.229038081570389,0.135684001012651,0.0978884489867288,0.0503110052728999,0.0373677648211367,0.0331379717743186,0.0241487604044492,0.0120271776085116,0.00784585805057064,0,0.0100683473498374
"213",0.35090606615294,0.223428401139322,0.138547820832158,0.0963474328377663,0.0487691509517369,0.0389851620090092,0.0330099560110046,0.0255932029666364,0.0140595738005657,0.00867368579865368,0.00271258300724388,0.0189669644929626
"214",0.361426186466273,0.224336739559512,0.142508337137152,0.0902773528046396,0.0460283531681577,0.0347057781401091,0.0353395751212377,0.022617668122676,0.0149101996150445,0.00767096675712231,0,0.0201788431080756
"215",0.358970440949864,0.217541849725412,0.135840156630144,0.094904101308139,0.0455011618857383,0.0411834385206767,0.0329461714088139,0.0305585490226092,0.0112638375100271,0.0126304193934242,0.00511708400661904,0.0135427896385317
"216",0.357832176827291,0.214933992391609,0.141428718377276,0.0919094725766782,0.0510067997133282,0.0412942883230055,0.0351357243812139,0.0283519763876187,0.0104118004919002,0.00945602247719445,0.00159761660756051,0.0166414114453243
"217",0.364127988798827,0.220552410335149,0.145302234069085,0.0923386702497398,0.0530843647803905,0.036651521557474,0.0328738163294083,0.0285276639603742,0.00624037144896334,0.0020900597491221,0,0.018210898721467
"218",0.353198541198342,0.231652293187662,0.13529662175656,0.0997924006791942,0.0472443715292271,0.0357633431551185,0.0281166173887795,0.0266566986134985,0.0133609940923406,0.0143471037507075,0.00492087050446603,0.00965014414410353
"219",0.373619011417244,0.238285173823136,0.12735872031516,0.0996100687306249,0.0488230363277393,0.0360338901465117,0.0241445614141098,0.0244107664738257,0.0144067107017744,0.0133080606498743,0,0
"220",0.358970487606587,0.227999910842323,0.135200702305646,0.0988802366540649,0.0477768617005755,0.0398743039786005,0.0313350326979209,0.0243552126650782,0.0144189791551239,0.0129539572977305,0,0.00823431509634917
"221",0.353768159539308,0.226605990340108,0.138482922994178,0.0958182795342181,0.0504325543545774,0.0383266386337055,0.0320872585384957,0.0269734925171528,0.0115258937647859,0.00924276525824102,0.00319105919559524,0.0135449853296348
"222",0.36505187793231,0.229456305816606,0.133990113760325,0.0963781667286691,0.0505770538941215,0.0416520512579872,0.0288514334022416,0.0246908372563705,0.0153440003055685,0.0120259026725132,0,0.00198225697328706
"223",0.358427862220537,0.227469438534171,0.139009378131143,0.094155620181906,0.0470080557741765,0.0413782396406876,0.0317022746781062,0.024828239367,0.0152924669623583,0.00797382466944939,0,0.0127545998404649
"224",0.358068149133052,0.227746101889876,0.134942557285969,0.0947268151952569,0.0504980479399457,0.041673014413132,0.0295397549203453,0.0281288189237127,0.0157194206722669,0.0105135140627007,0.003130140074433,0.00531366548930998
"225",0.353074361044484,0.224216991849299,0.145159430665683,0.0896432208131113,0.048536383743741,0.0405949302758197,0.0341178159260415,0.0292809416850786,0.0111021274383085,0.00824709572813262,0.00107171817772607,0.0149549826525744
"226",0.362133253813066,0.223061952595897,0.136766433663994,0.0911696084946589,0.0497830368551218,0.0444743904412412,0.0289855880010791,0.0316551700665128,0.013485890412212,0.00990935839154425,0.00153288940758318,0.00704242785708992
"227",0.354742305757966,0.218825029651026,0.144036346221705,0.0887018361588949,0.0489530603124288,0.0418119011759641,0.0335295313039175,0.0350475514727828,0.012252631854766,0.00677334710981268,0,0.0153264589807358
"228",0.34738089137697,0.230497370676824,0.137719811654804,0.0973782678293676,0.0497730018344365,0.0380271669361948,0.0308767017395416,0.0294826175316809,0.0128823304773554,0.0166718530702013,7.69587028794788e-05,0.00923302816974383
"229",0.347286272694071,0.237809869416388,0.13564885782083,0.102620359799067,0.0487114880228171,0.0347533058907312,0.0276109687213145,0.0273221045399831,0.0165560725415546,0.0175654331537058,0,0.00411526739953723
"230",0.340361401053929,0.238653733284143,0.131288535128444,0.10552694434618,0.0526003525180275,0.0324757802097004,0.0213288986979591,0.0273341359032546,0.0219020654722035,0.0213218255170783,0.00103996828706116,0.00616635958201886
"231",0.35469506851052,0.226370207079725,0.130155612609332,0.101196524888075,0.0465982914324264,0.0373862552012846,0.0252316205963657,0.0374006552445947,0.0165945544391662,0.0126821509476281,0.00476074779518565,0.00692831125569637
"232",0.363444211399798,0.230720624866452,0.130602245524889,0.100185679772174,0.0476323433391002,0.0368582289395069,0.0249050316243361,0.0293430774771927,0.0202214749141302,0.0151612318646903,0.000925850277730665,0
"233",0.352174418942026,0.226609993222038,0.127953297392995,0.103800417777344,0.0413269887246191,0.045205309627554,0.0311572881943545,0.0373120856057994,0.0119673479132114,0.0116671045776991,0.00672590075239306,0.00409984726996664
"234",0.350860772013957,0.218281142075797,0.125496792103619,0.102198990204976,0.0421890771490366,0.0530871557591149,0.0317028480760389,0.0408981869847321,0.0115715930336152,0.00592989208377882,0.0111977124482347,0.00658583806709997
"235",0.35940387050459,0.22042524923073,0.140920089970205,0.0947043687406318,0.0462820395200418,0.051529225172243,0.0283027420883426,0.0353726480356452,0.00793043802429909,0.00448046838328191,0.00222000043919589,0.00842885989079298
"236",0.354453358466693,0.22886839517061,0.140573241958138,0.103806527585006,0.0453047342639743,0.0384735454266427,0.0265544561031846,0.0319646510194281,0.0124988859877198,0.0124597853748407,0.000841927863391509,0.00420049078037185
"237",0.361691316938398,0.225535044961877,0.139045168875755,0.0991612200251938,0.042961880787729,0.0436989343730532,0.0270363049971688,0.0325575680252858,0.00663555268223424,0.00915435203279891,0.00329571978821574,0.00922693651228976
"238",0.354219563079085,0.219519165085512,0.141808301544557,0.091733043362667,0.0482824114679006,0.042543602932786,0.0309617872530184,0.0319696150922957,0.00947633336079211,0.0113101669613848,0.00313109582543782,0.0150449140345631
"239",0.349981844362472,0.218982436227553,0.144303603608119,0.090151348288053,0.051985259186813,0.0437654476357849,0.0333954869776383,0.0324204281535904,0.00978446310169283,0.00918737274429493,0,0.0160423097139891
"240",0.348949834258084,0.219938701622058,0.145134809051945,0.0868599726135006,0.0542100924534925,0.0394675367166393,0.0342301202177744,0.0337008048051354,0.0143313084122649,0.00553455673986545,0,0.0176422631092401
"241",0.336773305600004,0.228789575606973,0.140611504344301,0.0967615829023523,0.0542396835882624,0.0399249812798962,0.0287823819807509,0.0285096751263689,0.0160653877321659,0.0165835804077077,0.000880040159635151,0.0120783012715836
"242",0.342464115305675,0.221216502551083,0.141945494244387,0.0914660494238525,0.0513876731742402,0.0411576168585604,0.0352368814559563,0.0275179820689608,0.0161703830184961,0.0151650656962022,0,0.0162722362025863
"243",0.350828328015411,0.220883521239847,0.143355136427938,0.0898486060129244,0.0509118153367168,0.0365887059844769,0.0356875152466163,0.0285157920327469,0.0178584874343109,0.00738924733714254,0.00116033807727257,0.0169725068545962
"244",0.348125682139952,0.216826373943563,0.141941338094292,0.0886620577000544,0.0508013227669685,0.0362202285632838,0.0368111305301544,0.0297414600557613,0.0199001408712611,0.00871776349571142,0.00388843229500889,0.0183640695439886
"245",0.343391142332163,0.219265053562914,0.141960481796408,0.0953747943617898,0.0543781702364297,0.0323813543894162,0.036231306132313,0.0285381840297173,0.0174391189738538,0.00891062628760388,0.0034599209490703,0.0186698469483213
"246",0.35462075018975,0.223407674687957,0.141308800705807,0.0917816111776527,0.0519963802050327,0.0311939364783772,0.0374678964334541,0.025911747052248,0.0176934833482845,0.00696227360175785,0,0.0176554461196791
"247",0.353727719372522,0.220592978253187,0.143684609074988,0.090988992744392,0.0503056316008388,0.0297224542911065,0.0404084849483135,0.0253469384895219,0.0201301587554641,0.00466487391674914,0,0.0204271585529175
"248",0.347984041962748,0.214158858454829,0.139267495681782,0.0912625128122838,0.0510626865905261,0.0310894377280528,0.0441614440122962,0.0280630195889451,0.0243464050171807,0.00791190011952709,0.000119284480664172,0.0205729135511647
"249",0.354316556183011,0.219059582601383,0.141592676759844,0.0953164060739457,0.0450554741012339,0.0282788088071376,0.0449318783892054,0.0233614297185224,0.0205798116604586,0.00804124486415926,0,0.0194661308410984
"250",0.353927879592805,0.214757299858561,0.142867016108611,0.0930819033914243,0.0446339888666005,0.0295079642904053,0.0456676269508239,0.0239795501644975,0.022110456745183,0.00761500554612989,0,0.0218513084849585
"251",0.358537227133672,0.219252883887883,0.144546277428793,0.0921639036717205,0.0431254191726819,0.0289195089442747,0.0440816982002654,0.0225567419377278,0.0207297371494228,0.00693803827716208,0,0.019148564196397
"252",0.353187319557062,0.219743012544204,0.142670800592923,0.100972548804037,0.0480890696929333,0.0289416740896784,0.039907782301151,0.023926993752688,0.0186737731113593,0.00815988065905478,0.000712934548596097,0.015014210346313
"253",0.350153828759031,0.219163629366278,0.141303852316522,0.100975483901232,0.0516525768311543,0.0299328290272476,0.0378603402208129,0.0226240231893413,0.0193093863992466,0.0102018506295331,0.00385380777702392,0.012968391582576
"254",0.359009264458383,0.226458877469653,0.145785583604587,0.100429764353813,0.0526649949283711,0.0261931973994195,0.0332565726645942,0.0194831981705428,0.0179595227264278,0.00709329661322709,0.00395282255314013,0.00771290505784085
"255",0.354338296433709,0.223370508230574,0.147965469281287,0.101417420809145,0.0491540628097967,0.0293312658820698,0.032675571100932,0.0214729742237,0.0180284266096899,0.00956177956141867,0.00518752372209424,0.00749670133558426
"256",0.355665366777687,0.225642989034905,0.147064607075276,0.102239212392695,0.0518225263518549,0.0279453976560393,0.0324912628156439,0.0175161399953991,0.0206455686389194,0.0123157614167734,0.000889663524967651,0.00576150431983978
"257",0.349472088332482,0.223505327299114,0.145813102297609,0.103296529584271,0.0514854326042492,0.0292654997493228,0.0329134838417711,0.0191401043444596,0.0223896433657236,0.0138700055122295,0.0014787752689254,0.00737000779984247
"258",0.35530290343761,0.217695980303838,0.147373896268507,0.0951888400463452,0.0469379094497427,0.0353828117276796,0.0379063980878364,0.0192198708114863,0.017921825647288,0.010883969165046,0,0.0161855950546216
"259",0.356710311119891,0.216135352576401,0.14603959090721,0.0927668872574113,0.0495157856695109,0.0339558858082113,0.0371318094820271,0.02327250412339,0.0166556494623097,0.00747174463233102,0.00313100103621324,0.0172134779250944
"260",0.351677988775084,0.217010837244896,0.144273171121702,0.0913560634713814,0.0499414639656583,0.0370125840013513,0.0381615594922407,0.0229737043558426,0.0194964956446902,0.00417699074040169,0.00289451533122527,0.0210246258555265
"261",0.346502999317666,0.213764955255419,0.143826539018266,0.0897882388315017,0.0529453949050717,0.0337855171071887,0.0411578413790109,0.0233441838804228,0.0221375089985412,0.0076826333508446,0.00345056093496202,0.0216136270211054
"262",0.346952495732626,0.216459051650185,0.144353494188299,0.091733801963799,0.0496496849688179,0.0320812001398135,0.0433273722670974,0.0235560499190054,0.0248165196468076,0.00658549884895337,0,0.0204848306745955
"263",0.344260422080666,0.215637582147158,0.143067328722969,0.0926227815064331,0.0491164606286695,0.0321127011888601,0.0427781635722835,0.0227474716369798,0.0267114672284464,0.00978170432493204,0,0.0211639169626025
"264",0.353412528814239,0.221675937781964,0.141407162146517,0.0910542433142774,0.0471833006322173,0.0340376230752346,0.0424660057904403,0.0214279566036967,0.0223771880256046,0.00616812121434207,0,0.0187899326014669
"265",0.355178702634897,0.222120913895208,0.142000911705964,0.0996187915596914,0.0514527591849214,0.0301651886844483,0.038634896001522,0.0178968033358679,0.0203244184817222,0.00276177627586514,0,0.0198448382398926
"266",0.353111694417135,0.226549013175669,0.145170041925273,0.101082058111811,0.0509606868111499,0.032971440585206,0.0356356853592391,0.0168402111737179,0.0189917381897502,0.00267230194702876,0,0.0160151283040203
"267",0.35928552598928,0.226789256847943,0.14682089988718,0.0980714573182086,0.0540659160579997,0.0317453006029852,0.0307073823059372,0.0174153602829941,0.0190017914191174,0.00358090715113284,0,0.0125162021372216
"268",0.355390862451513,0.219234345757152,0.150101660230806,0.0959688124715084,0.0505627604447677,0.0324107179847098,0.0326052460568557,0.0221720013629819,0.0219028017490829,0.00677742232450478,0.00157617292462736,0.0112971962414905
"269",0.351689342767264,0.219797008184335,0.149213904263115,0.0975776745363744,0.0532198847591133,0.0287782950302265,0.0312744910817416,0.0218519152125228,0.020916331960166,0.00943486625751992,0.00381316740517111,0.0124331185424497
"270",0.356069364897164,0.222258940909669,0.144195422481159,0.0946510544537148,0.0492874340246745,0.0333631596801374,0.0344168636700695,0.0215171986461771,0.0217786423731486,0.00573798842488203,0,0.0167239304392037
"271",0.352175950779575,0.224070848391704,0.147007578154047,0.101589038272293,0.0541093777331469,0.0304814494849752,0.0329564545318816,0.0199900898865805,0.0179038778574284,0.00639963634141992,0.000355100986693016,0.0129605975802552
"272",0.360490395651097,0.2306139625052,0.15174438714686,0.0986379438338479,0.0502865012835563,0.0284539319089384,0.0293572182575391,0.0197387094800281,0.0187086687066835,0.00187580370013249,0.000630217771036271,0.00946225975508156
"273",0.361323800910792,0.225260779845328,0.154225631630877,0.100612578633534,0.0502959303848614,0.0308286477194984,0.0288065927041453,0.018182808677581,0.0186233191614737,0.00475374545613256,0,0.00708616487577836
"274",0.357343271280555,0.220936684594871,0.144716852438091,0.0953033528046561,0.0509724092445259,0.0337902948515183,0.0320064430430998,0.0189018639361388,0.0201029556165603,0.00138618489260749,0.00529665917300381,0.0192430281243719
"275",0.354676160582698,0.22126153176194,0.143785478149832,0.0895347750949747,0.0504363984486582,0.0348439390720432,0.0368803219032152,0.020272546374305,0.0222609673435909,0.00150990396469734,0.00393153953603263,0.0206064377680125
"276",0.353445114980032,0.217333611090712,0.141496434588747,0.0899532286683674,0.0515546135101191,0.0335922232815122,0.0397038550778421,0.0234863738635601,0.0229908036245151,0.00237504508787414,0.00316064742203084,0.0209080488046887
"277",0.344282733340255,0.213003064035327,0.139144904861159,0.0920308419001856,0.0530303180407483,0.029151903376345,0.0416810276949601,0.0258331125982847,0.0248095449341052,0.00727173996545913,0.00555983579717653,0.0242009734559942
"278",0.335005639964416,0.211442921855061,0.136591275760876,0.0920894637954573,0.0521868885250754,0.0347745284400642,0.044237307941515,0.02791504009589,0.0265190038109152,0.011620418065774,0.00489548930083189,0.0227220224441242
"279",0.339001678326481,0.214461582264309,0.139888545938885,0.0919267332445034,0.0519011321678002,0.0358282938032925,0.0420539412752419,0.0267710618280286,0.0267372873012317,0.0134545668889391,0.000163655104570476,0.017811521856717
"280",0.330809819844282,0.210782639634731,0.137685912503274,0.0935245083977386,0.0532924262127771,0.0355836797349356,0.0468176600603732,0.0266563045333786,0.0293613238970154,0.0118688364373561,0.00257501234426837,0.0210418763998699
"281",0.334497814649928,0.214620372729339,0.141007205948613,0.0950444891747576,0.0524926009375433,0.0355246896600769,0.0441391315616959,0.0242469852803993,0.0252596615222122,0.0101284081718145,0.00237679377600479,0.020661846587616
"282",0.359702845924757,0.222255872765743,0.134591222575798,0.0978337696329002,0.0475433038866023,0.0434126120212823,0.0347938783295443,0.0310133092230516,0.0173855263646772,0.00416768714133217,0.0021492282429634,0.00515074389134861
"283",0.358877473296596,0.221642741939149,0.145181484158691,0.0897255773360262,0.049543126401778,0.0398612410540558,0.0357066029293286,0.0277342506554625,0.013420147364238,0.00604722771129852,0.00159241998481795,0.0106677071685586
"284",0.363927176871972,0.224842651837997,0.146082142638855,0.0900357509511044,0.0479542675166102,0.0338316194019254,0.033236403012613,0.0313286002930526,0.00973781537832407,0.00257190447809176,0.00159935492002082,0.0148523126994334
"285",0.347247736274846,0.228390801612404,0.142221517437366,0.100378629122952,0.0467066466695312,0.0329240755308995,0.0275581382072073,0.0281638584132598,0.0157780897540226,0.0144119803966877,0.00424829150725766,0.0119702350735671
"286",0.347774218626842,0.223885840237316,0.146426573467395,0.0932871330667063,0.0484826377426926,0.0339847278752384,0.0349216813600574,0.0279416697391035,0.0136631166093356,0.0095934910857362,0.00074953848030377,0.0192893717092735
"287",0.357122357627841,0.222454681292123,0.148590444010314,0.0870922680407675,0.0494043343502389,0.0343898272914946,0.0358232710084419,0.0227556606257105,0.0146959109167667,0.00605229539043025,0,0.0216189494458707
"288",0.359546121140877,0.220733347248292,0.14368428169366,0.0925087593334992,0.0481179680500476,0.0389657728800231,0.0318527961834899,0.0324821685393856,0.0103914846942929,0.00629045966360658,0.00425879573114859,0.0111680448416776
"289",0.359180774303777,0.221027134471076,0.144007494557487,0.0931548917009433,0.0523223573236551,0.0372469757182902,0.0337160185096149,0.0314024401322487,0.00839532634741727,0.00362354811422651,0.00271994244566723,0.013203096375596
"290",0.358086622492733,0.223955001675218,0.143050878439358,0.0932728651045183,0.0529188038901492,0.0352158446489033,0.0345381462715496,0.0304984181550133,0.00717719757745257,0.00471470823020964,0.00336883011224987,0.0132026834026451
"291",0.353604522628897,0.224108166416951,0.143141755312699,0.0983410602730165,0.0553125999787336,0.0324582853789894,0.034854747140164,0.0275905578443229,0.00813787556308644,0.00776839144927535,0.00312086912225225,0.0115611688916124
"292",0.349105884951035,0.215766744791254,0.143930793572375,0.0937982369590023,0.0535872630844656,0.0333789706581033,0.0385153227593868,0.0286714083367826,0.00929731093264197,0.0086791452226317,0.00610940410607091,0.0191595146262515
"293",0.338404284320707,0.213999625035749,0.142244298734936,0.0903134021430691,0.0547291661439392,0.036678023375685,0.0436811416214439,0.0278444863282817,0.0127683719753678,0.00740138300770214,0.00862496971619153,0.023310847596929
"294",0.332415526252571,0.21209752952303,0.142462069780332,0.0906263470891473,0.058006122309383,0.0370817671559963,0.0431086019579847,0.0283821223652719,0.0165887851724737,0.0101772124942015,0.00703746450083937,0.0220164513987704
"295",0.350481455788686,0.223762928136467,0.137530128410278,0.0968083289179315,0.0554155797393877,0.0394555580178994,0.0387277460312405,0.0269359352285288,0.017988236830484,0.00786407996422041,0.000358232706921868,0.00467179022795475
"296",0.362157540698954,0.218742574701005,0.136765398950532,0.100198209260092,0.0452830064351342,0.0437577098218863,0.0345360935807342,0.0360805281340528,0.012999412300563,0.000696329972281121,0.00878319614476504,0
"297",0.354461070533367,0.217155774735877,0.143722514565671,0.092943495914649,0.0520475300923339,0.0405183480043417,0.038993031635118,0.030579396350674,0.0110695546197978,0.00180322547648279,0.0095681582709056,0.00713789980078153
"298",0.344379612243857,0.227388447437522,0.143065463112605,0.101386944702649,0.0498827107337522,0.0364113552738288,0.0314302536150258,0.027681629584398,0.0131604869840805,0.0122995440367924,0.0066358220432109,0.00627773023227852
"299",0.344231176985548,0.236689767174455,0.140323898251905,0.103348568763953,0.0489326401842732,0.0337650125586552,0.0262559925985162,0.0260277012316334,0.0135119544314072,0.0143047726398642,0.00938443133163423,0.0032240838481567
"300",0.358214594823487,0.228391690231099,0.135877670990627,0.102354852277987,0.0435611560556739,0.0399798887270512,0.0277776215945884,0.0313220664641756,0.00744549299403901,0.0094291451900415,0.0084070757111427,0.00723874494008779
"301",0.364113647987397,0.230619245213966,0.133986702589553,0.0979938992619235,0.0443040236501466,0.0384763744549852,0.0267809460365347,0.0244552213775216,0.0169438038839023,0.0133023685117933,0.00709196029634278,0.00193180673593335
"302",0.360554036707283,0.225681584615226,0.142728219884089,0.0923623912309084,0.0456099637385874,0.0432849432883827,0.0294738853525482,0.022632569628394,0.0140462979658667,0.00925618652842045,0.00656892126603951,0.00780099979425473
"303",0.365514152401743,0.22108544743228,0.141192433902556,0.0925654625987894,0.0448014116500432,0.0468755628611431,0.0273634528533033,0.0303263852662411,0.00594881691202258,0.00871860719904084,0.00917063682708132,0.00643763009575546
"304",0.368890970818467,0.225117681873584,0.148682235309272,0.0886851027943718,0.0462850371020282,0.0492561077296579,0.0274148823043764,0.0278186739192454,0.00491359595473485,0.00341035488052832,0.00154756621099111,0.00797779110274412
"305",0.370357882129862,0.222447364703553,0.138560969655476,0.0919960490602072,0.04905647213175,0.0442782574695728,0.0284559106137542,0.0259282871883692,0.00542777296141676,0.00755772460902114,0.0111936353204648,0.00473967415655281
"306",0.374677051750701,0.225165747398806,0.137660248529487,0.0996486443566564,0.0429985462056153,0.0445802311930575,0.0265757636043062,0.0281499164793619,0,0.00776249311075252,0.00679191196667442,0.00598944540458204
"307",0.371910074239467,0.227541863708041,0.139753189922306,0.104390860391912,0.0467910416947762,0.0354404274155736,0.0231964927047485,0.0299590661140483,0.00259470747700444,0.00892359630741536,0.00321049218037521,0.00628818784433272
"308",0.361154492755059,0.223290284758639,0.138398929416496,0.102820835656188,0.0477165874698705,0.0360800680521614,0.0265655267588213,0.0282310402665327,0.0107095275242036,0.01017972000488,0.00601503778566351,0.00883794955148515
"309",0.359142514822417,0.222965440168274,0.138625472003925,0.0994453174421001,0.0520105164629728,0.036934314863778,0.0286693287825242,0.0275801912164007,0.0125774996372068,0.00771472189188372,0.00382451617752922,0.0105101665309882
"310",0.357129318589609,0.21914263875772,0.144030968614008,0.0932617540436247,0.0495109635639458,0.0350515301855613,0.0312893163985167,0.0292092293024009,0.0139099444242654,0.00928257043096052,0.00466982873696619,0.0135119369524223
"311",0.351301097759886,0.22263965676018,0.143625703602596,0.0957666534927656,0.0535143544300232,0.0319843509259542,0.0346218100050616,0.0270126857428116,0.0164177995898708,0.0110215489352612,0.0018702904315733,0.0102240483240167
"312",0.348941519471015,0.223815300765865,0.145624186456997,0.097712432178512,0.0560175250707744,0.0302821489490066,0.036118391408072,0.0245026157349515,0.0193180289347796,0.00850300415939783,0.000524498976501105,0.0086403478941283
"313",0.340554140226326,0.221394480293318,0.140421133029567,0.0986710676577696,0.058568665331588,0.029855381738936,0.0368710031103804,0.0269340160950203,0.0195738017482863,0.0133257698389742,0.00323318696526869,0.0105973539645659
"314",0.336324274476036,0.214612126688764,0.14106790980639,0.0910546851942423,0.0569123995306038,0.0336782018788245,0.0432157829965245,0.0314647661827475,0.0201033632998561,0.0122608906089322,0.00359958920952304,0.0157060101275563
"315",0.343970306275523,0.214489395214858,0.146016914076608,0.090448872643891,0.0563820234115322,0.0328942377334292,0.0456337305324341,0.0271038540857931,0.0177815979085777,0.00881838582433875,0.00171270389396995,0.0147479783990443
"316",0.341380921336525,0.230771042949833,0.146368466904592,0.0977346555023403,0.0551590801507894,0.0311381016674572,0.0344173319251034,0.0207350419810144,0.0140747418920202,0.0189572139521594,0.00178284694985135,0.00748055478831494
"317",0.363134540190807,0.229959504417322,0.141935962855292,0.0941654713888098,0.0466418944358434,0.0330072399373461,0.031584012088913,0.0301847976781486,0.00721555063001253,0.0113053270156725,0.00403010328988523,0.00683559607194799
"318",0.370693991778381,0.234810085730145,0.13589078348747,0.0962765674395869,0.0435935981188142,0.0352262549345027,0.0290445882295672,0.0259986786008912,0.00925954960081814,0.0147217229916659,0.00342931624260644,0.00105486284555116
"319",0.364188944353554,0.223900639954561,0.143390726572205,0.0937275497499257,0.0435824608203838,0.0373728832897003,0.0321441854913179,0.0257070600612286,0.010208022431208,0.00876165595458962,0.00369168711589495,0.013324184205431
"320",0.368684331100399,0.221250897155719,0.137682816234105,0.0932520104251273,0.0438486808252758,0.0407658810243557,0.0334180358030583,0.035735229638949,0.00299295844513101,0.00991285902714797,0.00484850277595562,0.00760779754477567
"321",0.360622356406529,0.216581416183309,0.142992803383107,0.0902044927313599,0.046199070339326,0.0421546157113181,0.0353711371633467,0.0343554412633654,0.00825616926139554,0.00620400238179993,0.00626854709986506,0.010789948075278
"322",0.354005379614015,0.228308854353309,0.138986573922298,0.103775880216484,0.0457151956896189,0.0337886961031715,0.0314273223403314,0.0315996342501755,0.00882596131128724,0.0162849314528262,0.0017220961335707,0.0055594746129115
"323",0.344175511713001,0.231269075844636,0.135884375357759,0.105441721327847,0.0478387627946078,0.0301387244974162,0.0269791941576872,0.0307353889531284,0.0137680549366308,0.0202238462468362,0.0113593069997411,0.00218603717070907
"324",0.356208982978541,0.237485388970989,0.137721958632249,0.106470446600847,0.0505160841863067,0.0238056420630153,0.0181956514842168,0.0270816674227793,0.0168147490616601,0.017874473437582,0.00782495516181378,0
"325",0.363144511715157,0.236890516678732,0.131190452598005,0.104976027478061,0.049615062829191,0.0251359790571023,0.0230406723912222,0.0262375104915003,0.0159222275468317,0.0219945718256198,0.00185246738857866,0
"326",0.364733658297509,0.237967981639186,0.126332060463687,0.103768296124866,0.0467009397576726,0.0284768581976842,0.0274429947427838,0.0262054301905915,0.0159028817731679,0.0224688988128515,0,0
"327",0.36056633019372,0.234964520755897,0.134408406629266,0.0986890569234989,0.0457411270485572,0.0337429843297511,0.0365934114917198,0.0227794211296241,0.0134742831779599,0.0123025912257467,0,0.00673786709426028
"328",0.36158324233665,0.23372374201095,0.140283591290679,0.0931460068856996,0.0486543841051165,0.0340822120657578,0.0342046895793507,0.0243807878655994,0.0111290663606668,0.00458809245142451,0.00219774087148762,0.0120264441766179
"329",0.369634338380222,0.227005771313076,0.136587657330369,0.100939260425861,0.0442160273248259,0.0377024304897449,0.0335710237986952,0.0288164909810525,0.0042086651125685,0.00818336855736518,0.00131844357255946,0.00781652271366016
"330",0.370139348658071,0.225155335952474,0.139316366375435,0.105300345443778,0.046264858804029,0.0335957861618517,0.0303296715156055,0.0244599452679025,0.00978532977594255,0.00984397030444886,0,0.00580904174046148
"331",0.367918152711358,0.222835399643617,0.14369238158169,0.0946039997591765,0.04702332167412,0.0347515766804276,0.0311224900358076,0.0201032260622865,0.0109896051027516,0.00905463974922338,0.00526209140541728,0.0126431155941247
"332",0.362960332253285,0.224318128228655,0.143178762503664,0.0913749013575176,0.0500849212889511,0.0359532180122274,0.031029867951882,0.0223001906853815,0.00787603743849425,0.00923217183554753,0.00477595321391832,0.0169155152304767
"333",0.363979070078152,0.226159841390946,0.142706831171014,0.0928737286312667,0.0510048860150156,0.0384527624863733,0.0306540699043906,0.022754343397173,0.00857482943522483,0.00422187502928126,6.61288078550338e-05,0.018551633653308
"334",0.355741466996686,0.223026038268933,0.138723011928187,0.0953824301068092,0.0514584972770396,0.0367066714803496,0.0343245470818967,0.0211801350376078,0.0120342531922469,0.00495931019710895,0.00281390630658616,0.0236497321265481
"335",0.354449692245429,0.222361250987291,0.139972305654204,0.102806415316238,0.0549992319257465,0.0309171455946892,0.0316752156035195,0.0194820876414181,0.0165969723021502,0.00715830771724639,0.00125173320512266,0.0183296418069452
"336",0.362016712570909,0.221247192155138,0.141436668583019,0.0919904460355906,0.0522190668073442,0.0306892043851388,0.0321419179998867,0.0216804474594553,0.0202984134138644,0.00372131678759463,0,0.0225586138020594
"337",0.358749119257428,0.217924264041765,0.134425857856152,0.0958958239091552,0.0486772816823327,0.0335758222354217,0.0329197902374205,0.0334974735419466,0.0172937851804993,0.00884977044286706,0.000836119087481435,0.0173548925275305
"338",0.362415530313806,0.224324311622062,0.140904536633205,0.0937632643058085,0.0446135798468901,0.0314312779916728,0.0339409950372888,0.0320239598352167,0.0169694990773706,0.00702879842508526,0.000917259127438258,0.0116669877841554
"339",0.349856654843031,0.226370473337649,0.141769030110916,0.0893610660506084,0.0465114183934496,0.0307093854039941,0.0365313379987861,0.0307770821305047,0.0179046199464779,0.010605253755411,0.00350565746523339,0.0160980205639391
"340",0.349540304567772,0.222655689661648,0.14474325208265,0.0863986979154045,0.0439411377951973,0.0352773064257506,0.0394645545446491,0.0348547892159819,0.0179525091260435,0.0099220811319584,0.00375063824308124,0.0114990392898631
"341",0.336796108807264,0.214333541696305,0.143177828659715,0.0867833887967042,0.043588754384834,0.0390633130575649,0.0434850698325969,0.0383293650288334,0.0165664753021678,0.013612690534149,0.00873745900563677,0.0155260048942294
"342",0.344752271911078,0.217515288650129,0.141829661229246,0.0889624610060325,0.0437897800781088,0.038233405536103,0.0410103437668437,0.0332124949726311,0.0132497892053048,0.0144850353081517,0.00718948599454661,0.0157699823418251
"343",0.351179946916347,0.222699914105924,0.146040324937952,0.0947353500190948,0.0500638772101163,0.0348809745985375,0.0371087406662472,0.0243308594753012,0.0117872332602564,0.00991434273379298,0.00119500795876418,0.0160634281176666
"344",0.352329389509496,0.225694404859766,0.144972414035597,0.0963259672411693,0.0548129750314588,0.0307505986948071,0.0368937033330461,0.0233002559309043,0.0125662298733959,0.012316249932177,0,0.0100378115581832
"345",0.345894654285777,0.225162135760868,0.146483274991859,0.0955579209714408,0.0560379355673212,0.0309352159955408,0.0322004350222643,0.0223559631835894,0.0194633625585734,0.0137171079779991,0.000274073142176257,0.0119179205425909
"346",0.338406674475077,0.226467106764569,0.146476163877429,0.0989387483126193,0.0581111703571433,0.0322927521581238,0.0335420329548301,0.0243936652524647,0.0193390158288679,0.0115690142381539,0.000776737745097192,0.00968691803562503
"347",0.356327589933966,0.23043875587005,0.151163178189165,0.0905695135220757,0.0534785696171633,0.0380548423209452,0.034193103188595,0.0203142802628527,0.015354122954204,0.00261192593147581,0,0.00749411820950822
"348",0.341206886300645,0.221282115525393,0.149109826647524,0.0932786693458889,0.0589472292332148,0.0333830091365587,0.0374781754186659,0.0226512350013544,0.0190658016697893,0.0106075019705088,0.00171839375916914,0.0112711559912881
"349",0.343883873781569,0.215426678646226,0.146794211999385,0.0888458927281401,0.0550541483156715,0.0355994032850422,0.0399239568890587,0.027066406677317,0.0175737634517305,0.0094653130803426,0.00448988900314699,0.0158764621423704
"350",0.333270828745681,0.209701098807839,0.143837558927252,0.088876483377164,0.0551387244924112,0.0364490577313532,0.0422538100449089,0.029396495790118,0.0231547141426512,0.0113610123056102,0.00893429989298834,0.0176259157420234
"351",0.346061233269996,0.21536942338905,0.145797278895237,0.0866947281305122,0.0547347559458469,0.0372355932780279,0.0394606364960707,0.0281576676237118,0.0191870749316597,0.00702228863679685,0.00490560335681149,0.0153737160462783
"352",0.360050307110051,0.220053319227259,0.150381001408533,0.088364978176961,0.0546845728204586,0.034227215128307,0.0372951891123734,0.0261208425883946,0.0133362115251306,0.00301870438819533,0.00208756306501054,0.0103800954493257
"353",0.352947751827156,0.221929079900649,0.154146506225954,0.0919992949682552,0.0567151982105405,0.0313242145924055,0.0319903021631197,0.0229950286683921,0.0151508918428698,0.00884156679110646,0.00131486248620959,0.010645302323342
"354",0.355766278285206,0.221900146130148,0.154920880287887,0.0944681785270493,0.0572707191596148,0.0273371755010679,0.0343956037115746,0.0201790964410871,0.0169662046085735,0.00788864196974388,0,0.00890707537804817
"355",0.360866722910617,0.22657884160999,0.157668785171076,0.0961255303349209,0.0562727968422001,0.0224118048188448,0.0307185657036756,0.0201590947829709,0.0174124900694693,0.00980714698521595,0,0.00197822077101968
"356",0.363054336288955,0.227560977249808,0.160275259514229,0.100165863121535,0.0550845208396997,0.0213819707527561,0.028981644759383,0.0157450899002903,0.0154275474571575,0.00960975390818442,0,0.00271303620800178
"357",0.375021314185604,0.223614178393124,0.154133698826342,0.0903151156087503,0.0479495153560171,0.0301155429197336,0.0319679725853126,0.0171448000166602,0.0161716111089128,0.00342964198623251,0,0.0101366090133102
"358",0.376885832689482,0.221171594037813,0.142860281699641,0.0934656893385734,0.0472720770391468,0.0346121327009588,0.0231247828096477,0.0248188977516756,0.0214543210499153,0.00978361877773153,0.00150345379379453,0.00304731831162094
"359",0.362439580230047,0.207096035320326,0.14009833590791,0.0961249102682702,0.0478392191290021,0.0392402292445296,0.0221849837310845,0.030107135306697,0.0322620206664285,0.0159651828044454,0.00545179441108484,0.00119057298017429
"360",0.361045884068912,0.208555714949162,0.135695341477291,0.0986489530976931,0.053287743099491,0.0376879619124735,0.0182715125006702,0.032464498482857,0.0330151676982232,0.0117129605911366,0.0060951216371302,0.00351914048495978
"361",0.360766992415802,0.209480183813201,0.145893899804677,0.0952843321221128,0.0556188582873653,0.0362159986007962,0.0248010812280211,0.0271239155688884,0.0269053227245967,0.00848219433122101,0.00507961811481859,0.00434760298849948
"362",0.358229724984185,0.214681853184398,0.151916598835212,0.0946571475052546,0.059703922301706,0.0316721507075011,0.028556431925168,0.0213922687406594,0.0241999218557102,0.00728121722621642,0.00685195443150657,0.000856808302482793
"363",0.350212318003118,0.214402315661382,0.144683941840065,0.0879309333836132,0.0541477421794328,0.038473459970687,0.0343020754706352,0.0219980885188003,0.0253683134126436,0.00828465137374451,0.00829008671651736,0.0119060734693614
"364",0.350807875398851,0.2187045239849,0.144594484315272,0.088192839595363,0.0488049307876639,0.0364580603298808,0.037048724265402,0.0190061881075512,0.0229749986909858,0.0129230469441693,0.00707985930370654,0.0134044682762548
"365",0.343105288334726,0.218139515722676,0.140861558966101,0.0870051407730456,0.0496543185038209,0.0362317324433315,0.0406445219514561,0.0192832372354629,0.0237746103043251,0.0173008695446034,0.00590211254675403,0.0180970936736971
"366",0.348154983688357,0.217537520779692,0.1362528287236,0.0948423194365517,0.0521158802787962,0.0380900454589315,0.0354234848223421,0.0336976487044147,0.0213262765302818,0.0145996426912441,0.00116180686218231,0.0067975620236068
"367",0.346730730133852,0.219944128422768,0.14026928846565,0.0964416904788757,0.0572160772677577,0.0354107672800938,0.0328659556349477,0.027706465778864,0.0224481829275832,0.0109937693211164,0.000450267725120079,0.00952267656337166
"368",0.350268899283517,0.224836567309906,0.140760487580787,0.097822512811481,0.0598771853559695,0.0313397461705268,0.0325193754251797,0.021609671147164,0.0212039048548654,0.0079252642548027,0.00365514436541836,0.00818124144038215
"369",0.346639354646824,0.225404182327945,0.143257879645062,0.097257875086186,0.0614931398014182,0.0345318180931074,0.0340181665718457,0.0230743774282814,0.0181458527383716,0.00657725754324924,0.00130918197183873,0.00829091414587084
"370",0.353649564444434,0.231978750858044,0.14419655046347,0.0975122734059157,0.0582457197593377,0.0300537596453599,0.0340862494708817,0.0193779299575086,0.019429071993254,0.003863154704801,0,0.00760697529699251
"371",0.34201642762964,0.227510835644598,0.143423455882779,0.0957286680341233,0.0563126851394943,0.0330665425869194,0.032758448377074,0.0222127274326221,0.0194120921825383,0.0100355980958909,0.00443063910857253,0.0130918798857489
"372",0.348715291581567,0.230273949418445,0.145375425939287,0.0959834738370763,0.057106871163299,0.0309036219185841,0.0314366374959429,0.0189464347359433,0.0210159824034857,0.00835513872481807,2.91617802778144e-05,0.0118580110012744
"373",0.346219407014828,0.231089785580029,0.141433373533689,0.0947687579121653,0.0591750347448195,0.032220364634915,0.0333046830114205,0.0220193248585422,0.0195848925600596,0.00970003389062182,6.72660480477625e-05,0.0104170762108627
"374",0.333375292306232,0.218823441628418,0.138768139873789,0.0958164905240137,0.0603997654865288,0.0347300360967924,0.0364974795277721,0.02517719876076,0.0239597807708391,0.010902237123777,0.00703418730925913,0.014515950591819
"375",0.336038717026256,0.22264206315696,0.139856174565804,0.0980831365494222,0.0589040205392015,0.0349209192597273,0.033831083403804,0.0217683748171618,0.0229185926669578,0.0100095293585798,0.00945133779285044,0.0115760508632762
"376",0.343683088608822,0.21965571759232,0.141265211633352,0.091557282552463,0.0555342769881277,0.0349853167077116,0.0414025069739047,0.0216313378681664,0.0210865838083212,0.00860215549064448,0.00755430348188352,0.0130422182942833
"377",0.336930878382659,0.221111792650151,0.14017520625038,0.0932697371723719,0.0598676661066775,0.0350568667942417,0.0413071095852458,0.0222201919175969,0.0200165191213292,0.00720843394850809,0.00586118046807352,0.0169744176027665
"378",0.337132638169059,0.22346930096527,0.141353802813537,0.0937047465688039,0.05803289299122,0.0338902619886959,0.0386323617877437,0.0209415027667453,0.0183804243334158,0.00686158981394324,0.00964297401936518,0.0179575037822018
"379",0.341240601114675,0.225473106478402,0.145858626795809,0.0922277378856329,0.0573755730045249,0.034376194167156,0.0366435924833148,0.0196927751641343,0.0165100318085911,0.00626850865154877,0.00812898147692146,0.0162042709692897
"380",0.336573612133068,0.222742552412181,0.143256231617876,0.0935805080588882,0.0575738051526961,0.0364035140506441,0.0393461733807818,0.0208772279495758,0.0159962546319706,0.00901412586193041,0.00828638235997481,0.0163496123904142
"381",0.344030961765944,0.227586411918078,0.143421563579311,0.096588533169213,0.0536197490091781,0.0367664529078618,0.039423750632511,0.020245020142068,0.0106903204245402,0.00618563300610543,0.00715219315289757,0.0142894102922924
"382",0.328482184202095,0.221218806900054,0.141462087906,0.0949480885426356,0.0565965480614947,0.0405342149584486,0.0409719206486322,0.0190827162415534,0.0144101144982584,0.0131996933564173,0.0118892625634808,0.0172043621209294
"383",0.337226675219678,0.229704580770359,0.143129434989192,0.100842162901727,0.058003887943124,0.0349368100979688,0.0359770812319173,0.01911854764188,0.00813601992437299,0.0091427902315041,0.00904527421878625,0.0147367348294913
"384",0.349929603402428,0.220354564312798,0.1441136535916,0.0949223784248715,0.0571649454098089,0.0355619798832877,0.0373757703006183,0.0230077238334853,0.0106848029547472,0.00660385351764124,0.00637241442057516,0.0139083099481385
"385",0.356433867955198,0.218904839269558,0.142122481765979,0.0881771018598503,0.0599821501110731,0.0384744151847198,0.0359941373995689,0.0243632535625671,0.0133137888284286,0.00217052665082136,0.00527076514999369,0.014792672262242
"386",0.357903836232262,0.215674134798082,0.13958348819035,0.0919390270080425,0.0521271644370082,0.0409573359813857,0.0314610303966841,0.0334086301822262,0.00688881098006842,0.00619214253489091,0.013739267512673,0.0101251317463271
"387",0.360340618465334,0.21599440479134,0.145494603934066,0.0867087853251341,0.0541246985127318,0.0382402278983285,0.0346328985076187,0.030073403023553,0.00914597001323007,0.0058341563684988,0.0106733427527575,0.00873689040740722
"388",0.363257324619858,0.222849382715887,0.14621341305297,0.091951374108253,0.0550371443330243,0.0369068945538324,0.0294533413175347,0.0256191193710761,0.00796780013035943,0.00548305784515093,0.00634621716873752,0.00891493078331703
"389",0.357716704007155,0.216929467486546,0.147567210627138,0.0880599735513442,0.0534145557496927,0.0392088588592015,0.0331469360178541,0.0285070737366566,0.0109881707485127,0.0048407469134721,0.00595311634157036,0.0136671859608556
"390",0.353585340802273,0.219361019041862,0.144286427096123,0.0874752778261758,0.0534853618829878,0.0378594568209727,0.0363078007611848,0.0289048442002745,0.0143237738582501,0.00136446662506653,0.00747242055319398,0.0155738105316356
"391",0.349355544833265,0.214702029396029,0.141705869504306,0.0896712489226404,0.0545403341800277,0.0358559018294825,0.0377751829463706,0.0270158144666495,0.0178125203494494,0.00530449494432981,0.00893332434083999,0.0173277342866102
"392",0.361448525017892,0.217963583248825,0.14621422335699,0.0877893920038118,0.054248242763171,0.0337581724119604,0.0389775670808629,0.0251696109055686,0.0161558206733869,0.00248194790944287,0.00150767677669468,0.0142852378513948
"393",0.353361256784918,0.214514815131353,0.144081387622002,0.0861765143391444,0.0532376791865296,0.0335222118020571,0.0413602003393672,0.0282103454345936,0.0176308726729272,0.00690088720932926,0.00609132194179836,0.0149125075359793
"394",0.337110908558283,0.20527724630487,0.142500513919314,0.0873744056034646,0.0560886009738504,0.0364422901556173,0.046161911863736,0.0305501322056957,0.0213512084764716,0.0100730761426243,0.0084300538879983,0.0186396519080743
"395",0.346520082115101,0.218052843143614,0.143204845106726,0.0913666965807095,0.05362903847548,0.0351425251618367,0.0449073380147612,0.0239399730965041,0.0165414486221106,0.00742360258797117,0.00293577094840092,0.0163358361467849
"396",0.363340922880313,0.224514082833968,0.137174845149543,0.0977725059802362,0.050974205307896,0.0407853456239564,0.0355125406120849,0.022532548961996,0.0156308810808693,0.00879370658947464,0,0.00296841497966237
"397",0.358768041224004,0.218900758338175,0.144333554771431,0.0902410492667857,0.0520302197289208,0.0398409044943191,0.030775489751892,0.0231428922396319,0.013541403284427,0.00932358710663021,0.00353449445118834,0.0155676053425958
"398",0.352746930662043,0.218034313484296,0.143258242660404,0.0950831158226668,0.0564525316999539,0.035422935800728,0.0355800251392258,0.022795788313484,0.0160849166674362,0.00962858454398123,0.00290718609737915,0.0120054291084019
"399",0.353826094338401,0.221728846342923,0.140122551747333,0.0965049470359546,0.0581742306595183,0.0305034815476511,0.036339855473247,0.0208232769689808,0.016020567134495,0.010811948766292,0.00321667264202309,0.0119275273431809
"400",0.358871205733281,0.215530311215742,0.143543440701142,0.0922876952116405,0.0558742815014242,0.0344450459094677,0.0353748781119522,0.0262213883106666,0.0150524069118243,0.00456421438998079,0.000727642925170816,0.017507489077708
